source,author,title,description,url,publishedAt,sentiment,score
CNBC,,"Gen-Z employees are coaching older colleagues to use AI, according to recent IWG report","Gen-Z employees are driving the adoption of artificial intelligence at work by helping older colleagues upskill on the technology, according to an IWG report.",https://www.cnbc.com/2025/09/12/iwg-report-gen-z-employees-are-coaching-older-colleagues-to-use-ai.html,2025-09-12T05:57:54Z,Positive,0.7
ABC News (AU),Arianna Lucente and Angel Parsons,Why are musicians and listeners boycotting Spotify?,A growing number of artists and users are leaving Spotify. What's changed with the streaming giant? And what comes next?,https://www.abc.net.au/news/2025-09-12/spotify-boycott-daniel-ek-ai-music-military-tech-fenn-wilson/105765846,2025-09-12T05:54:04Z,Negative,-0.6
CounterPunch,Gaurav Mittal,Protect Your Inbox: How to Avoid Email and Text Scams,"In today’s world, protecting your personal information feels like an uphill battle. With the rise of sophisticated email and text scams, it’s no wonder that many of us are worried about our private messages—whether they are sensitive emails, medical records, …",https://www.counterpunch.org/2025/09/12/protect-your-inbox-how-to-avoid-email-and-text-scams/,2025-09-12T05:53:41Z,Negative,-0.5
ETF Daily News,MarketBeat News,"Analysts Set Digital Realty Trust, Inc. (NYSE:DLR) PT at $190.74","Shares of Digital Realty Trust, Inc. (NYSE:DLR – Get Free Report) have earned an average rating of “Moderate Buy” from the twenty-three ratings firms that are currently covering the company, Marketbeat Ratings reports. One research analyst has rated the stock…",https://www.etfdailynews.com/2025/09/12/analysts-set-digital-realty-trust-inc-nysedlr-pt-at-190-74/,2025-09-12T05:48:52Z,Neutral,0.0
ETF Daily News,MarketBeat News,Safe Pro Group (NASDAQ:SPAI) Upgraded at Northland Capmk,"Northland Capmk upgraded shares of Safe Pro Group (NASDAQ:SPAI – Free Report) to a strong-buy rating in a research note published on Tuesday,Zacks.com reports. A number of other equities research analysts have also recently weighed in on SPAI. Northland Secur…",https://www.etfdailynews.com/2025/09/12/safe-pro-group-nasdaqspai-upgraded-at-northland-capmk/,2025-09-12T05:46:42Z,Positive,0.7
Onefootball.com,,"Serie A values: Inter lead, Napoli surprise, Como shine, Openda, Nkunku",The transfer market is not just a web of negotiations and plot twists: it is a true revolution that shapes the balance of power on the field and drastically changes the value of the squads. The new Se...,https://onefootball.com/en/news/serie-a-values-inter-lead-napoli-surprise-como-shine-openda-nkunku-41649820,2025-09-12T05:37:00Z,Neutral,0.0
ComputerWeekly.com,Stephen Pritchard,Cloud block storage: Key benefits and use cases,"We look at block storage in the cloud, why you might want to use it, its key benefits, how it fits with on-premise storage, and the main block storage offers from the cloud providers",https://www.computerweekly.com/feature/Cloud-block-storage-Key-benefits-and-use-cases,2025-09-12T05:34:00Z,Neutral,0.0
Forbes,"Bernard Marr, Contributor, 
 Bernard Marr, Contributor
 https://www.forbes.com/sites/bernardmarr/","Space, AI, And The Future Of Human Potential","Astronaut and space industry leader Tom Marshburn explains how commercial space flight, AI, and new approaches to medicine will transform business, leadership, and life.",https://www.forbes.com/sites/bernardmarr/2025/09/12/space-ai-and-the-future-of-human-potential/,2025-09-12T05:29:26Z,Positive,0.6
Onefootball.com,,"☕️ FC Breakfast: top 26 Germans in FC 26, wild video on Gigio","Bring in André! ✍️Loaned to Trabzonspor (official since Thursday evening), Manchester United goalkeeper André Onana arrived in Turkey like a star. Enough to boost his first steps in his new colo...",https://onefootball.com/en/news/fc-breakfast-top-26-germans-in-fc-26-wild-video-on-gigio-41649806,2025-09-12T05:25:00Z,Neutral,0.0
Biztoc.com,go.theregister.com,Albania’s prime minister wants to appoint an AI to his ministry,"Albania’s prime minister wants to appoint an AI to his ministry
Incorruptible e-government AnswerBot ‘Djella’, which reportedly runs in Azure, given job of running public procurement
Albania’s prime minister has proposed appointing an artificial intelligence …",https://biztoc.com/x/406a74ee342b3805,2025-09-12T05:24:55Z,Neutral,0.0
